e8724756-5012-41e2-901f-e81f7b6893d1,2015-04-06 08:22:39.000+0000,8dba0580-7855-11e5-bf0a-c4d5c4ea4ddd,"{'en': 'Fwpcsujfr', 'es': 'Uyafsp', 'fr': 'Yfzkhkvcj'}",28.45,sbvswp.jpg
e8724756-5012-41e2-901f-e81f7b6893d1,2015-06-11 13:40:11.000+0000,c2137480-dda7-11e5-8ce2-8243739b73d7,"{'en': 'Gkpjxm', 'es': 'Gihkaodrcnnw', 'fr': 'Uojpzotuajwr'}",21.67,yomlnxysdla.jpg
e8724756-5012-41e2-901f-e81f7b6893d1,2015-09-07 06:43:28.000+0000,d1932480-ad48-11e5-b39e-9e460d6e05d3,"{'en': 'Ndtayqp', 'es': 'Mahmscui', 'fr': 'Mzvnjw'}",25.33,bhtistcb.jpg
e8724756-5012-41e2-901f-e81f7b6893d1,2015-09-19 23:36:31.000+0000,b2254300-1386-11e5-8be3-4b11c68ded7a,"{'en': 'Tbnwbxqrtulp', 'es': 'Tifuqy', 'fr': 'Knrlfvkvo'}",17.25,nzrouqytckk.jpg
a69a41e8-a292-4a73-85f5-757e7b1f011f,2015-03-29 22:17:03.000+0000,054d7c00-108f-11e5-b0bb-ad0f9bbf48fc,"{'en': 'Ubvwiyhh', 'es': 'Usyypyyjknpln', 'fr': 'Nztllq'}",39.22,wfqjxw.jpg
a69a41e8-a292-4a73-85f5-757e7b1f011f,2016-01-24 04:03:47.000+0000,ae4e0b00-1168-11e6-9ef2-209a8afd1be9,"{'en': 'Icxkwyoxn', 'es': 'Pqqncysq', 'fr': 'Wiwizvcd'}",14.91,oyrbxdunogo.jpg
a69a41e8-a292-4a73-85f5-757e7b1f011f,2016-02-28 03:59:52.000+0000,43fa6580-6756-11e5-831c-0e7497a78dc9,"{'en': 'Subrjzid', 'es': 'Kjtzongahmgvl', 'fr': 'Nisnvnjuv'}",35.59,vxpnzwgwt.jpg
a69a41e8-a292-4a73-85f5-757e7b1f011f,2016-03-02 13:59:59.000+0000,bb066a80-2123-11e5-b4d8-3eecfc1d94b5,"{'en': 'Sobytpchekph', 'es': 'Utnkefl', 'fr': 'Cyamxcjse'}",32.46,vhubjvl.jpg
a69a41e8-a292-4a73-85f5-757e7b1f011f,2016-04-11 22:14:48.000+0000,89f1c700-ed92-11e5-b32a-95e53011b70b,"{'en': 'Phxjwg', 'es': 'Aguhexqwxnoq', 'fr': 'Tlnvhqgr'}",30.76,jaoawrwc.jpg
a69a41e8-a292-4a73-85f5-757e7b1f011f,2016-06-22 15:03:20.000+0000,e3dbd980-1a2f-11e6-bcb1-c1bd91b1e760,"{'en': 'Rigeaewjdcx', 'es': 'Ibdjkodsapxn', 'fr': 'Ljlspgh'}",33.25,yqltnplzii.jpg
a69a41e8-a292-4a73-85f5-757e7b1f011f,2016-09-08 03:39:21.000+0000,62304280-4fab-11e5-9c50-39b236e6516b,"{'en': 'Aeqmtrnuows', 'es': 'Uaxwfknifxwcm', 'fr': 'Goprur'}",23.21,ustsdxdgeqqd.jpg
a69a41e8-a292-4a73-85f5-757e7b1f011f,2017-01-16 10:51:45.000+0000,d6f61080-163b-11e5-862e-d900258a186f,"{'en': 'Fdjzdmkd', 'es': 'Ufsdqvbofm', 'fr': 'Xqilpg'}",28.93,mfvdjx.jpg
a69a41e8-a292-4a73-85f5-757e7b1f011f,2017-02-21 12:48:57.000+0000,bf935300-f0bc-11e6-a458-23b53adc98fa,"{'en': 'Dnaedhsyhkxf', 'es': 'Fholpgqbconqi', 'fr': 'Yeqdfsrtm'}",22.15,rwhzbbr.jpg
c53edd69-6be4-4c90-af52-5d00f0abb8bc,2015-08-08 03:31:48.000+0000,dfb1ff80-0f0f-11e7-8e0f-1be029378808,"{'en': 'Wdutpvaarvl', 'es': 'Prazwsfsomjv', 'fr': 'Eslmmsrtq'}",14.63,qhaqamjxpqgg.jpg
c53edd69-6be4-4c90-af52-5d00f0abb8bc,2015-12-17 09:56:09.000+0000,8b1f3900-e5c7-11e5-861e-f2fd547b8298,"{'en': 'Lmdwflzcm', 'es': 'Ogwoslrghwj', 'fr': 'Txdzqgtonuwde'}",24.51,ysnqtgb.jpg
c53edd69-6be4-4c90-af52-5d00f0abb8bc,2016-02-22 08:33:42.000+0000,86c46e00-5f0a-11e5-bf0e-669bc61c9e84,"{'en': 'Fkpujdavhj', 'es': 'Ifhualo', 'fr': 'Eenozvvksur'}",37.33,fxukqaoaf.jpg
c53edd69-6be4-4c90-af52-5d00f0abb8bc,2016-04-22 15:19:16.000+0000,2f1beb80-d501-11e4-b7d8-3210c009407d,"{'en': 'Uayqdeqnrfqb', 'es': 'Ngygaruccvpcv', 'fr': 'Memauh'}",20.57,prbfegqatxdf.jpg
c53edd69-6be4-4c90-af52-5d00f0abb8bc,2016-07-22 00:38:59.000+0000,79bfd100-6a2f-11e6-9ad7-93bb5a51ead3,"{'en': 'Wuszpdt', 'es': 'Alsvuvv', 'fr': 'Icsiiwbdcwyss'}",34.55,hfqyo.jpg
c53edd69-6be4-4c90-af52-5d00f0abb8bc,2016-11-23 05:27:38.000+0000,77d46880-072d-11e5-83f8-b22ab9ace9d2,"{'en': 'Tdfobnulfd', 'es': 'Wkdqgdljhgjip', 'fr': 'Vqmrouwkploi'}",38.36,edxpzjadjnai.jpg
11ebdaac-0709-4a47-b5a7-4ec11f1ea6bf,2015-01-25 04:39:11.000+0000,c2137480-dda7-11e5-8ce2-8243739b73d7,"{'en': 'Gkpjxm', 'es': 'Gihkaodrcnnw', 'fr': 'Uojpzotuajwr'}",21.67,yomlnxysdla.jpg
11ebdaac-0709-4a47-b5a7-4ec11f1ea6bf,2015-02-21 19:17:39.000+0000,6ca2ef00-9f56-11e6-b309-c8f8ac45a4a4,"{'en': 'Cqgjkzxbjahv', 'es': 'Pxzlvwdgwqqj', 'fr': 'Exwrisb'}",17.08,oiygdohrsu.jpg
11ebdaac-0709-4a47-b5a7-4ec11f1ea6bf,2015-06-06 22:53:06.000+0000,06b73980-7de6-11e6-bec8-194c88e9da2b,"{'en': 'Gkgncqxiypkl', 'es': 'Dkdpaki', 'fr': 'Anbxdiqwgw'}",20.67,rvzrjcuihgao.jpg
11ebdaac-0709-4a47-b5a7-4ec11f1ea6bf,2015-06-14 03:53:43.000+0000,a3664f80-77c6-11e6-adb6-8faffaff5d86,"{'en': 'Nbtckylxgqb', 'es': 'Bspmgvh', 'fr': 'Xfsbyilw'}",15.14,lrzcrv.jpg
11ebdaac-0709-4a47-b5a7-4ec11f1ea6bf,2015-11-04 04:14:00.000+0000,7916dd80-88e8-11e5-bcc3-2eea3f4b0271,"{'en': 'Rdhxxdnd', 'es': 'Fmhqdndsaploo', 'fr': 'Tpzrob'}",26.40,vbzse.jpg
11ebdaac-0709-4a47-b5a7-4ec11f1ea6bf,2016-07-20 14:47:00.000+0000,23dd5080-565e-11e6-9262-ecc9e831c9d3,"{'en': 'Rbgcwhusjckd', 'es': 'Qurqgdgmkzmf', 'fr': 'Lniybrefwhf'}",20.40,twdqwr.jpg
11ebdaac-0709-4a47-b5a7-4ec11f1ea6bf,2016-10-05 22:43:00.000+0000,5255d800-c9fb-11e5-b9a6-71633a4dd8ab,"{'en': 'Efbhly', 'es': 'Npxkzeslgkn', 'fr': 'Yrkysetzngfcg'}",42.64,spvyonecgxm.jpg
11ebdaac-0709-4a47-b5a7-4ec11f1ea6bf,2016-10-27 18:37:02.000+0000,a0066600-4404-11e5-ac82-ae406cd0e6c8,"{'en': 'Pautrhkrjhiie', 'es': 'Lptfayvwh', 'fr': 'Qybedqypmbt'}",17.15,wpoyv.jpg
11ebdaac-0709-4a47-b5a7-4ec11f1ea6bf,2016-12-25 13:30:34.000+0000,30007f00-66ed-11e6-857f-3a519f95dce1,"{'en': 'Kmctoyhtuwwze', 'es': 'Hyrmxblgqs', 'fr': 'Iftqkei'}",32.85,rypegqaqbip.jpg
11ebdaac-0709-4a47-b5a7-4ec11f1ea6bf,2017-02-25 06:45:15.000+0000,d50bd880-2220-11e6-b3f6-fbdb914f96d8,"{'en': 'Appglx', 'es': 'Cdkojylw', 'fr': 'Yvhriyk'}",45.10,zfpkkyaisro.jpg
11ebdaac-0709-4a47-b5a7-4ec11f1ea6bf,2017-03-14 11:40:03.000+0000,5da2dd00-b69e-11e4-a3c1-252b115a14f8,"{'en': 'Tsxdzesblrhr', 'es': 'Yytdni', 'fr': 'Hytbdlvawd'}",28.37,dmlqayamrjx.jpg
a4516f55-1a6b-4d39-b273-2f96d9698498,2015-02-12 07:15:15.000+0000,b2098a80-c17d-11e4-b554-7eee90f74c0d,"{'en': 'Eocepeap', 'es': 'Csrtzrdovgys', 'fr': 'Zslcthfdexmg'}",26.84,oxbpzit.jpg
a4516f55-1a6b-4d39-b273-2f96d9698498,2015-10-03 04:09:55.000+0000,6c377000-1557-11e7-a924-57ef8eecaa17,"{'en': 'Toqmbp', 'es': 'Ukjlosoldwl', 'fr': 'Xnaqcctzcmbf'}",45.32,gvqsrxgemzc.jpg
a4516f55-1a6b-4d39-b273-2f96d9698498,2016-03-07 04:41:30.000+0000,8051df80-6969-11e5-9f7b-4732a5da9ae0,"{'en': 'Wgdrtfpdght', 'es': 'Lxlyhgr', 'fr': 'Nykzpgbglw'}",23.52,mmmtxzlmki.jpg
a4516f55-1a6b-4d39-b273-2f96d9698498,2016-05-29 09:41:24.000+0000,fb621e00-d2af-11e6-8300-17a2f6785739,"{'en': 'Bcjlcrokiry', 'es': 'Qtnboyv', 'fr': 'Uwldptuvzq'}",18.72,nwofoe.jpg
a4516f55-1a6b-4d39-b273-2f96d9698498,2016-06-01 16:39:20.000+0000,e3dbd980-1a2f-11e6-bcb1-c1bd91b1e760,"{'en': 'Rigeaewjdcx', 'es': 'Ibdjkodsapxn', 'fr': 'Ljlspgh'}",33.25,yqltnplzii.jpg
a4516f55-1a6b-4d39-b273-2f96d9698498,2016-06-30 04:49:12.000+0000,054d7c00-108f-11e5-b0bb-ad0f9bbf48fc,"{'en': 'Ubvwiyhh', 'es': 'Usyypyyjknpln', 'fr': 'Nztllq'}",39.22,wfqjxw.jpg
a4516f55-1a6b-4d39-b273-2f96d9698498,2016-07-12 03:19:13.000+0000,1e1b6380-d1fd-11e4-936b-a9109c2aa30f,"{'en': 'Zskilqamizjsg', 'es': 'Qymubacrxltxh', 'fr': 'Dxyjgqonbte'}",14.52,fxyic.jpg
a4516f55-1a6b-4d39-b273-2f96d9698498,2016-08-17 19:37:01.000+0000,2fd44e80-833f-11e6-9d64-1fd80ea49503,"{'en': 'Kivclqkpkuhds', 'es': 'Nginacsvb', 'fr': 'Awisnwimtaljm'}",27.75,qbkfzc.jpg
a4516f55-1a6b-4d39-b273-2f96d9698498,2016-10-26 01:30:56.000+0000,6ca2ef00-9f56-11e6-b309-c8f8ac45a4a4,"{'en': 'Cqgjkzxbjahv', 'es': 'Pxzlvwdgwqqj', 'fr': 'Exwrisb'}",17.08,oiygdohrsu.jpg
a4516f55-1a6b-4d39-b273-2f96d9698498,2017-01-18 06:15:58.000+0000,89f1c700-ed92-11e5-b32a-95e53011b70b,"{'en': 'Phxjwg', 'es': 'Aguhexqwxnoq', 'fr': 'Tlnvhqgr'}",30.76,jaoawrwc.jpg
71ec6ffa-f01a-42d1-b30b-839b841d62d6,2015-03-25 17:44:49.000+0000,e6e35b00-4e09-11e5-8e6f-044cf2bc3283,"{'en': 'Szxvtizahvf', 'es': 'Wnqyqq', 'fr': 'Gumsixescq'}",39.33,yvtyamg.jpg
71ec6ffa-f01a-42d1-b30b-839b841d62d6,2016-03-04 15:02:43.000+0000,62304280-4fab-11e5-9c50-39b236e6516b,"{'en': 'Aeqmtrnuows', 'es': 'Uaxwfknifxwcm', 'fr': 'Goprur'}",23.21,ustsdxdgeqqd.jpg
8856b017-f9c4-46cc-a282-fa8b8c5aecf4,2016-01-03 21:22:49.000+0000,c0f46600-d175-11e6-af8a-8870a961368a,"{'en': 'Tfeewbmxc', 'es': 'Qgzthkowawkq', 'fr': 'Qcxjdroplygfg'}",15.49,yngsrrd.jpg
8856b017-f9c4-46cc-a282-fa8b8c5aecf4,2016-01-30 22:52:54.000+0000,e6e35b00-4e09-11e5-8e6f-044cf2bc3283,"{'en': 'Szxvtizahvf', 'es': 'Wnqyqq', 'fr': 'Gumsixescq'}",39.33,yvtyamg.jpg
8856b017-f9c4-46cc-a282-fa8b8c5aecf4,2016-10-13 06:34:59.000+0000,c0f46600-d175-11e6-af8a-8870a961368a,"{'en': 'Tfeewbmxc', 'es': 'Qgzthkowawkq', 'fr': 'Qcxjdroplygfg'}",15.49,yngsrrd.jpg
8856b017-f9c4-46cc-a282-fa8b8c5aecf4,2017-01-06 15:35:17.000+0000,cae3fa80-777b-11e6-9738-b343125580db,"{'en': 'Mqdaweuisvh', 'es': 'Quxnhxr', 'fr': 'Suyyil'}",11.34,yvxilg.jpg
cfa6d886-d507-4bbb-90a2-08316a6081d3,2015-03-30 00:44:45.000+0000,2fd44e80-833f-11e6-9d64-1fd80ea49503,"{'en': 'Kivclqkpkuhds', 'es': 'Nginacsvb', 'fr': 'Awisnwimtaljm'}",27.75,qbkfzc.jpg
cfa6d886-d507-4bbb-90a2-08316a6081d3,2015-08-03 23:08:10.000+0000,35e0d380-d0a7-11e4-9f63-0d398104b025,"{'en': 'Hdqylhkjtn', 'es': 'Vjqdkmtedy', 'fr': 'Qhblxskx'}",13.35,aygfbmrko.jpg
cfa6d886-d507-4bbb-90a2-08316a6081d3,2016-04-05 04:24:13.000+0000,8b1f3900-e5c7-11e5-861e-f2fd547b8298,"{'en': 'Lmdwflzcm', 'es': 'Ogwoslrghwj', 'fr': 'Txdzqgtonuwde'}",24.51,ysnqtgb.jpg
cfa6d886-d507-4bbb-90a2-08316a6081d3,2016-07-06 19:52:02.000+0000,35bc2180-cf60-11e5-9e26-d650f2990c7c,"{'en': 'Tqzrrmhtiaipt', 'es': 'Vpkzxkpi', 'fr': 'Lzkhirvnzewj'}",15.44,nzqkxwl.jpg
cfa6d886-d507-4bbb-90a2-08316a6081d3,2016-10-03 16:58:54.000+0000,d1932480-ad48-11e5-b39e-9e460d6e05d3,"{'en': 'Ndtayqp', 'es': 'Mahmscui', 'fr': 'Mzvnjw'}",25.33,bhtistcb.jpg
cfa6d886-d507-4bbb-90a2-08316a6081d3,2016-10-21 01:02:57.000+0000,bb5b8380-9f6c-11e6-b4c2-c6004815a3d9,"{'en': 'Arryglkokwrn', 'es': 'Qmvqdwykb', 'fr': 'Efkjnbotvbpjt'}",35.62,mvxuy.jpg
cfa6d886-d507-4bbb-90a2-08316a6081d3,2017-01-03 08:55:11.000+0000,77348000-cefb-11e4-922d-5b202761d597,"{'en': 'Sgddyerheg', 'es': 'Yhqixtrktuomo', 'fr': 'Jpupwgcdfpsxv'}",23.13,zpzslfh.jpg
d1c38828-bfb4-47e6-931d-bfad5db46304,2015-05-10 06:56:17.000+0000,d50bd880-2220-11e6-b3f6-fbdb914f96d8,"{'en': 'Appglx', 'es': 'Cdkojylw', 'fr': 'Yvhriyk'}",45.10,zfpkkyaisro.jpg
d1c38828-bfb4-47e6-931d-bfad5db46304,2015-08-10 22:52:42.000+0000,bb5b8380-9f6c-11e6-b4c2-c6004815a3d9,"{'en': 'Arryglkokwrn', 'es': 'Qmvqdwykb', 'fr': 'Efkjnbotvbpjt'}",35.62,mvxuy.jpg
d1c38828-bfb4-47e6-931d-bfad5db46304,2015-10-28 07:41:05.000+0000,f41d2100-c0ed-11e5-88ef-3f4bc510e51f,"{'en': 'Angnqk', 'es': 'Xhrorwzn', 'fr': 'Hyuuzrbyeot'}",11.50,dyccdyywvsqx.jpg
d1c38828-bfb4-47e6-931d-bfad5db46304,2015-12-08 18:03:39.000+0000,e3dbd980-1a2f-11e6-bcb1-c1bd91b1e760,"{'en': 'Rigeaewjdcx', 'es': 'Ibdjkodsapxn', 'fr': 'Ljlspgh'}",33.25,yqltnplzii.jpg
d1c38828-bfb4-47e6-931d-bfad5db46304,2015-12-24 16:39:41.000+0000,71b8af00-979c-11e6-8119-33fd12640fa6,"{'en': 'Pbabzpjeicwk', 'es': 'Pcdfwbzn', 'fr': 'Fsnzgptzal'}",34.61,dieust.jpg
d1c38828-bfb4-47e6-931d-bfad5db46304,2016-01-09 18:39:19.000+0000,d5ac6d80-960c-11e6-91a1-995bbe4f385a,"{'en': 'Wuacfypuj', 'es': 'Aegztzkuoxwex', 'fr': 'Hohplhljm'}",21.15,zeloekpboc.jpg
d1c38828-bfb4-47e6-931d-bfad5db46304,2016-09-05 08:18:36.000+0000,23dd5080-565e-11e6-9262-ecc9e831c9d3,"{'en': 'Rbgcwhusjckd', 'es': 'Qurqgdgmkzmf', 'fr': 'Lniybrefwhf'}",20.40,twdqwr.jpg
d1c38828-bfb4-47e6-931d-bfad5db46304,2016-10-12 12:56:45.000+0000,2b930300-4c23-11e6-9090-51bca1f46f93,"{'en': 'Nkmixqjmiys', 'es': 'Xjbibuokykys', 'fr': 'Yvnxzrtibl'}",21.06,qswtev.jpg
d1c38828-bfb4-47e6-931d-bfad5db46304,2016-10-28 14:23:06.000+0000,874dad80-621c-11e6-8a27-fc759d922773,"{'en': 'Sqevenhrmzf', 'es': 'Gfimwdasle', 'fr': 'Scyvpogubzqpk'}",35.34,gkbfhvndeqc.jpg
d1c38828-bfb4-47e6-931d-bfad5db46304,2017-03-29 22:14:23.000+0000,0d82e700-0e1a-11e6-af15-5b6b280f05fa,"{'en': 'Ggcmcrbvwy', 'es': 'Ixwimweubo', 'fr': 'Hwpslrq'}",36.51,qkkjigu.jpg
b92cb156-22d2-4677-a926-dbe94ea78633,2015-07-11 17:14:49.000+0000,1e1b6380-d1fd-11e4-936b-a9109c2aa30f,"{'en': 'Zskilqamizjsg', 'es': 'Qymubacrxltxh', 'fr': 'Dxyjgqonbte'}",14.52,fxyic.jpg
b92cb156-22d2-4677-a926-dbe94ea78633,2015-09-19 11:52:34.000+0000,8051df80-6969-11e5-9f7b-4732a5da9ae0,"{'en': 'Wgdrtfpdght', 'es': 'Lxlyhgr', 'fr': 'Nykzpgbglw'}",23.52,mmmtxzlmki.jpg
b92cb156-22d2-4677-a926-dbe94ea78633,2015-10-14 15:26:32.000+0000,06b73980-7de6-11e6-bec8-194c88e9da2b,"{'en': 'Gkgncqxiypkl', 'es': 'Dkdpaki', 'fr': 'Anbxdiqwgw'}",20.67,rvzrjcuihgao.jpg
b92cb156-22d2-4677-a926-dbe94ea78633,2016-03-02 15:53:40.000+0000,799d8a00-ef18-11e6-8ac3-83ae8992b59d,"{'en': 'Takyycnp', 'es': 'Crevqwuzv', 'fr': 'Skvietvwqfig'}",21.89,xmrndjbreel.jpg
b92cb156-22d2-4677-a926-dbe94ea78633,2016-04-02 00:04:11.000+0000,ae002400-333b-11e5-8381-39cbb64d2104,"{'en': 'Hbpynyy', 'es': 'Rlhiygwpyv', 'fr': 'Paihdw'}",12.91,egvfb.jpg
e93303b8-d04f-436c-811f-d7f0de9d2638,2015-04-01 15:21:09.000+0000,f5f09200-0779-11e6-8850-b263b0132e40,"{'en': 'Etceffoarxpiy', 'es': 'Cvizfdkffvas', 'fr': 'Htfqyfl'}",32.59,ypibyi.jpg
e93303b8-d04f-436c-811f-d7f0de9d2638,2015-05-17 19:34:50.000+0000,d6f61080-163b-11e5-862e-d900258a186f,"{'en': 'Fdjzdmkd', 'es': 'Ufsdqvbofm', 'fr': 'Xqilpg'}",28.93,mfvdjx.jpg
e93303b8-d04f-436c-811f-d7f0de9d2638,2016-06-18 04:20:16.000+0000,b2098a80-c17d-11e4-b554-7eee90f74c0d,"{'en': 'Eocepeap', 'es': 'Csrtzrdovgys', 'fr': 'Zslcthfdexmg'}",26.84,oxbpzit.jpg
e93303b8-d04f-436c-811f-d7f0de9d2638,2016-12-23 16:39:37.000+0000,eca6a080-934f-11e4-9fb6-a0bce7c5347a,"{'en': 'Dyoujekxngk', 'es': 'Hitreug', 'fr': 'Yhgfbseubzs'}",17.33,nflsa.jpg
310513d7-ce30-463c-a364-28eab1f230be,2015-04-29 02:23:19.000+0000,f2d3b080-b661-11e4-944c-1f9982fd525d,"{'en': 'Riemysr', 'es': 'Flftsygtcprq', 'fr': 'Uzqcsknnfuaa'}",24.03,eqxvvvdumtu.jpg
310513d7-ce30-463c-a364-28eab1f230be,2016-02-26 20:32:07.000+0000,a93c4980-6d5f-11e6-9083-0bba6972236f,"{'en': 'Lhsamwhoi', 'es': 'Ygarsybuzzd', 'fr': 'Xjpuojfgz'}",13.32,icamezdmbasn.jpg
310513d7-ce30-463c-a364-28eab1f230be,2016-05-07 16:13:39.000+0000,a05d1400-f972-11e4-809c-bcc94e880ed1,"{'en': 'Iizzesdqaa', 'es': 'Uslvroz', 'fr': 'Airnlhhu'}",18.20,eobbcliuryci.jpg
