e8724756-5012-41e2-901f-e81f7b6893d1,Campos,"Plaza de Vthdwvfw, 101",alonso@iaeeshee.com,Alonso
a69a41e8-a292-4a73-85f5-757e7b1f011f,Pino,"Plaza de Prnlnq, 39",alonso@nqmqkknshymw.com,Alonso
c53edd69-6be4-4c90-af52-5d00f0abb8bc,Martínez,"Avenida de Axuxxnujcji, 89",carla@roqdnskgkird.com,Carla
11ebdaac-0709-4a47-b5a7-4ec11f1ea6bf,Martínez,"Avenida de Kxidqvpukqgk, 113",alonso@kkuefgznb.com,Alonso
a4516f55-1a6b-4d39-b273-2f96d9698498,Martínez,"Avenida de Rajhvrp, 58",angel@rdlexbvbri.com,Angel
71ec6ffa-f01a-42d1-b30b-839b841d62d6,Campos,"Calle de Gigabqzznaiu, 110",emilio@qfnmqgyxehwh.com,Emilio
8856b017-f9c4-46cc-a282-fa8b8c5aecf4,Campos,"Calle de Sryjamlerigi, 13",carla@ajhflfxnsemp.com,Carla
cfa6d886-d507-4bbb-90a2-08316a6081d3,Pino,"Avenida de Kmjaszzrjj, 99",angel@rcgjnvnavln.com,Angel
d1c38828-bfb4-47e6-931d-bfad5db46304,Campos,"Plaza de Axnczy, 50",angel@ldiqesbe.com,Angel
b92cb156-22d2-4677-a926-dbe94ea78633,Pino,"Calle de Lvfntkrrzorj, 102",carla@imjhdfogbuh.com,Carla
e93303b8-d04f-436c-811f-d7f0de9d2638,Pino,"Avenida de Sfhgrsdxkgl, 114",emilio@oqxztkpxupjj.com,Emilio
310513d7-ce30-463c-a364-28eab1f230be,Martínez,"Avenida de Kcoesahiqblf, 29",emilio@mymyeyjet.com,Emilio
